user,comment
@achinichamika-e4j,1:19 Rose is confuse ready to sandwich
@achinichamika-e4j,1:07 Rose has really hungry this moment
@achinichamika-e4j,1:04 lisa cute dance with kuma
@achinichamika-e4j,I really missing blackPINK house
@achinichamika-e4j,Anyone in 2026??
@achinichamika-e4j,Lv yu so much my bp girls
@achinichamika-e4j,BlackPINK in your area
@RabinShiwa,제 생각에는 블랙핑크를 인도에서 누가 보고 있을까요? 저는 한국에서 보고 있어요.
@MsMohona-h6w7j,Cute jesso
@Fellah12,Jisoo and Jennie’s cute voice melted me
@SOMi-y2g,我好哦哇提出2026 2:07
@martolis9335,5:41 jisoo so cute
@mohammedshafiullah2218,Cute
@shadow_oprerative,Who watch this in 2026
@seoyeon_vibes15,rosé being the foodie since the beginning of this episode
@irfansiddique9265,I watch in 2025
@Zahhhh014,2026 Msih ada yg nonton ga nih
@reynanromo9878,장미만
@Aïchouche-z9b,Lisa est très adorable
@RahmaFahim-w7c,Wow
@AZWZOfficial,Find someone who looks at you like Rose looks at Toast.
@JK-gh7qz,I LOVE HOW CHAEYOUNG JUST CASUALLY SWITCHES BETWEEN KOREAN AND ENGLISH.
@banrikerlinnongrum6201,Jisoo look like a baby and cute
@bismahnaeem592,"I remember watching bp house  during late summer nights with not a care in the world, no academic pressure, no stress, the whole house was asleep I was watching this. It's so nostalgic and I wish I could go back."
@charisselacson9841,"5:00
Me:LITERALLY CANT GET OVER JISOO'S CUTE VOICE!!!!"
@kik_kian1701,"Jisoo sayin “Finally, I found something I’m good at”  it breaks my heart Jisooni you’re more than enough. We appreciate all your efforts! Fighting!"
@eleyn5818,Jisoo must be really hate shopping
@sssaaannnaa,블랙핑크 집 너무 귀여워요 여러분 너무 보고 싶어요 2025년에 누구세요?
@tutran8858,"Jisoo is very cute.
Jennie is gentle. 
Rosé always gets along with people. 
Lisa is happy."
@hutaowo750,"jisoo sounds so cute with helium, like a cute chipmunk"
@HelenaEndaya,"""Anyeong anyeong I'm Jisoo yah""
So cute"
@leoedi9975,when jisoo have bangs she look even more cute!!
@okta279,"1% Coment ohtres 
99% 5:00 Jisso Cute 
        great Love you"
@aceprincess544,"Jisoo and jennie's making cute voices, lisa speaking in english, Rose's adorable reactions on her toast bread and channie sweet moments. THERE are so precious."
@百合-r5o,Who's here after hearing blackpink sing jisoo's helium song after 3 years?
@RevaNair-e5w,In blackpink's debut days they are all so cute
@namilapluie,5:37 When Jisoo says goodbye to the balloon
@roslaaaaay2707,ROSE BEING HUNGRY WAS THE CUTEST THING I'VE EVER SEEN UGHH
@ΚΩΝΣΤΑΝΤΙΝΑΛΟΥΚΑ-τ1κ,5:00 I stan 4 year old kids!!!
@MineColak-sk5cz,2025년 1월 2일 블랙핑크 지순 팬사랑
@AVINESH-4T,5:52 aww so cute
@VenkateswariM-d7x,Kuku is a santa clause sooooo cute kuku
@manojsinghbhadauria9832,Anyone else in 2026
@AshaBanu-bh5mb,"I swear rose is. The. Cute st foodie. I have
Seen her. Love for. Food. Is just  adorable"
@VinaTahseen-g6f2e,ilove you black pink
@nehamalik5990,Rose  is so cute
@roopavasanth406,I love black pink
@MohiraMarksova,Woooooooow
@SafaZahira-j7z,rose?
@CharanpreetKaurDhiman,i am here to re watch my unnies
@waikeen1862,"it was an abandoned house,so sad"
@Sun-Moon-m2j,2026    (Love You Blackpink)
@dipankarchakraborty1520,4:59 Jisoo Voice so sweet
@SajithaBanu-x2d,Ohhh jisoo voice so cute
@Hale2014_2,I’m from Türkiye but I love you blackpink
@NeselmayCabanag-oz9rd,Jisoo’s face asleep:(
@ANIMONANI-i4o,Rosu jichu lisuu jennu Black pink
@SKAY-g2k,Ay que tiernaaaas
@manojmishra3047,2026
@AuroraGinny555,Blackpink Is cuteeee
@Hadiakiani-x6g,영상이 너무 좋았어요
@AliJan-g6v,I love lisa
@YaranbilalAli,Myyyyyyy
@MuneebaAhmad-s3f,Aniong aniong naeun jisoo yaaaa sooo cuteeee
@shahidakram-r7s,Hello
@anilkumars9421,Happy birthday to you Lisa
@Amayatalite,Rosie so pretty like angel and Lisa Jennie Jisoo
@humaluqman6300,Hi Lisa
@TitiSusanti-jn1yg,Ekonomine perbaiki adi dan jiso
@JuanjoseVicentegarcia-t2m,hola soy Evelin nueva subcritora y soy la fans  numero 1 de blacpik y me gusta su musica y mi mayor sueño es ir a sus konsi ertos
@กิตติพงษ์-ว3ฟ,ฉันคิดถึงพวกเขา
@milanamilana3354,
@ulugbekabdumutalov-in1mg,2026
@MohsinaIslamMoon,JISOO tooooo cuteeee
@SaleenaKtd-d8f,I can't understand koreanbut I seen with a spirit
@AuroraGinny555,블랙핑크 시애틀 레미
@attarkids-t3q,i love black pink welcome a🇲🇦🇰🇷🇲🇦🇰🇷🇲🇦🇰🇷🇲🇦🇰🇷🇲🇦🇰🇷🇲🇦🇰🇷
@ganeshkaranjivkar2693,Jennie is cute
@EmaankhanEmaankhan-h1f1i,11:39
@machhanisailung2949,Rose is my bias
@machhanisailung2949,Rose
@RevaNair-e5w,In blackpink's debut days they are all so cute
@Jisooeatz3,BLACKPİNK İN YOUR AREA!!
@khinsammo,저는 블랙핑크를 너무 좋아해요
@cuteSARA67,Hi
@MinuRahman-b5p,Jisoo  and jennie voice are so cute
@MgmgHtay-ht1kp,
@AestheticBlinky-z2u,3:40 the jisoo scream
@Leydi_ecrin,
@BaburavBange,Lisa so  cuuuuuuuuuuuute
@KaziMohammedShalahuddin,I wish I could visit them
@KaziMohammedShalahuddin,8:34 8:36
@HadNoura-f4k,I love you black pink
@birsanark123BirsanaRK,Please  give me  your  phone  number  all
@SoniyaHoquelopa,"I am a blink and i like BLACKPINK so much, BLACKPINK forever"
@Lasblinkforever,5:00 is so cute
@paragbhagbati7857,Hi I am from India.I am is your big fan my name is debanshi
@نبنبنفنفن,
@FtSamsung-m3m,Best House
@امنبيلحداد,هاي
@AungTunOo-e4b,blackpink
@AungTunOo-e4b,
@nabaayske,انيونغ انيونغ نانن جيسوو يااب جاكي ماني هاني كاني ياااهه
@nabaayske,تشيتسووو
@piya7574,Very nice.
@ZourkeneniDouamegnon-v7j,blackpink  que dieu vous accorde  une longue vie
@KoOo-m1b,2026
@DaisyRiza-o9e,2026?
@nazarovarayhonajennie,Jisoo very very cute
@mohaimenahmad5130,Ħàvé á ńíćè ðáý
@mohaimenahmad5130,I love you blackpinki am from Bangladesh 🇧🇩🇧🇩🇧🇩
@zhyryn9782,who is watching after baemon house
@AlanAlan-td6wz,Anyone in 2026
@remmiathomas2690,Sooo cute
@remmiathomas2690,Im from india kerala now in uae ras al khaimah
@remmiathomas2690,Im a fan but im soo sad i. Ant meet u guys
@remmiathomas2690,Blackpink fan but i dont have anything
@RumindiImesha,Cute jisoo
@NazzFazz-nv8mp,Any indians here
@MamurjonBoboyev-u8r,
@ThắngNguyễn-x7j6i,hello rob
@nezukokamado-d1j,they are best in cooking too
@kralicelerdunyasi,다들 너무 귀여워요 ️
@RaAl-ic8lj,아 진짜 너무 너무너무너무 귀여워요?
@ewaldbauer2189,Wow
@zobair_ahmad,Jisoo is very cute
@poojatripathi7929,It's 1 mar 2026
@kinjalpatel8896,I am your  biggest  fan
@drsajjadali6256,Like jisoo
@SumaiyaAkter-s6u7u,2026 당신은 누구입니까?
@katarzynaslaby2065,I LOVE YOU
@arizanolumm,8 YEAR?!??!!
@gaimeilugonmei2565,2026
@aartidhasmana1790,5:49 kuma was looking so cute
@alonsocastellon9065,are any of the black pink members religious ?
@nayeon-v2q,저는 그들을 너무너무 사랑해요!
@YeuSan-l2g,Loveee babyy Roséee
@piraramsen3451,Jisoo so cute
@kdnetwork2177,So cool and cute
@LuisjoseVal-m8j,"8

  Black pink   8"
@miser33m81,light pink color anaconda
@stephenkadmielasuncion9529,Jennie voice is so cute
@ΦροσωΠολυζη-σ5γ,Jisoo is sooooo cute! She's so adorable
@BRANDPRICE-g3j,the way lisa loves kuma
@RamalRashmika-u1v,OMG Jisoo
@mdmonirofficial2106,Jisso's song
@mdmonirofficial2106,Jisso's song
@NehirYılmaz9,( * . * ) 8:38
@hiimdanai19,The kuma dance so cute and jisoos voice so cute eee
@almdar-z3c,5:03 5:04
@almdar-z3c,5:01
@Anyaa_SpyxFamily10,Time flies… I still remember them this way🫶
@Tefyy_aim,La extraño tanto..
@swayazzworld,4:45 ️
@swayazzworld,Blackpink 🫶
@LinlinKoko-o4g,Rose Rose Rose Rose Rose Rose Rose Rose Rose Rose
@sivinithaniksha-p4f,Jisso s balloon voice cute i love you ji
@Nandinishah-jk,I love jisoo and har voice
@RozePts,"We miss you, Blackpink. We're watching you from 2026"
@Diyamidhun-w4f,5:09 and Jennie's voice too sooo cute
@Diyamidhun-w4f,5:00 Jisoo's voice is soooooo cute
@Questionlink-vc67,I miss the blackpink house too much
@cilemyilmaz2953,2026
@JhonmartTabao,Blackpink please come back
@AbdulWazedMondol-z7b,Anyone in 2026
@Lisa_2011_nehirimss,5:00 JİSOO İS SO CUTE
@sweety09-q7b,Lisa has come from a different world
@aygunhamzayeva8149,Hay ️🇧🇩
@ManiniManupriya,"안녕하세요!!
: from an Indian"
@Jamielinmaghilumomictin,Merry christmas xmas
@TzoBallan,2026 bye-bye 2025 I love Jisoo  Jennie  Lisa  Rose
@NouraChadli-m2p5d,I love you blackpink🩷
@vaishnavigopinath8643,Unnies are cooking for the maknaes
@zeyneperva9185,5:06 cuteJisoo
@Blink_vibe_gh,This is my 21th time watching this
@Marianamaidana-x4z,Las amo blackpink soy blink hace 5 años
@xill_io9,جاية هنا أسترجع الذكريات.
@EvelynMesina-o7h,지수의 목소리는 정말 달콤해요
@FaizaMahzabinBithi,Jisoo voice is very cute
@ZainabKhatri-f8d2t,Aww my cuties  I love you all so much
@Paws_pactogram-i6o,buleakpinkue = love them alot
@nayanaganesh4653,"Jisoo' s voice is so cute  , i love it"
@moniqueb6662,My brother is the second male to visit the black pink house
@MariaMorales-i9z,My seepeg is eyes you
@MariaMorales-i9z,Hi plisss this show in Panamá plissss  i love
@bilalpatel3758,yg did'n give her food in refersh
@monsitiezxramilover,Türkler burdamı
@steffikoppsieker6267,I'love you Blackpink
@HAYA-16X,BLACK PINK
@Amarahbriellejumuad,3:38 I thought jisoo is a kid
@jisoo-j7c,5:03 jisooooooooooo
@Aradhya-senvi7,5:00  jisoo helium song
@AWASữaTươi,5:05
@MarmochiCheng,The bao bun is a Chinese thing
@nathinha_px,I'm watching for the First time
@agniveshsingh8559,I love  you blackpink
@Artistic_Miha,People in 2026?
@blinks.32,I love you black pink
@sahnaimthiyas4016,Kuku is so cute with Christmas outfit
@sahnaimthiyas4016,"The way jisoo singing 
After some helium i become like this  ohh the voice"
@sahnaimthiyas4016,"Lisa waking up jisoo and carrying her Jisoo eyeliner messed up brooooo yohoooo
I can't stop laughing"
@sahnaimthiyas4016,Rosè enjoying her food is always the best
@sahnaimthiyas4016,"The way Rosè enjoying the bread they are so simple and lovely 
Idk how heaters are hating our sweeties  
I'll always be grateful for them for making my life a little better"
@Valencziavalery,I miss bp️‍
@IkramBaadi,
@Anoudeditz,In this year I was born
@MdSakib-ev7op,
@JUST-Jennie-Lisa,Lisailove yuo
@yertuntstsoodol8775,Jisoo
@HaHa-o7y4z,jisoo s voice is so sweet️
@Safreen3,I love how jisoos the oldest but acts like the youngest
@lxzbelly,Alguém d 2026?
@GaukmdaGaukmda,I want to be the dog🩷
@BLINKSDREAM,Dalgom looks so cute!  and the dog from Jennie too! ( i forget the name of the dog from jennie!)
@Yasamens,Lisa and Rose
@agrimasingh3915,Rosè is so cute she is really a cutie patootie
@Elegance_tz,Jisoo and Lisa
@meerubzulfiqar1709,
@hananayad754,How is comes in 2026🩷
@MdDelwer-d2w,
@gothamekumari4441,Who is in 2026
@Blinkforeverandmonstiez,Jennie and jisoo make their voices so cute° 5:00
@geethadevi576,Spick in english.
@NikitaMeisnam-t4z,Jennie listening to Dua Lipa song new rules
@ThanujaUdayangani-z8b,Jisoo wos so beautiful and cute ️
@Sunsetcore1,Jisoo cute voice  melt my heart
@Minukiku1234,2026
@Aaruchaudharycutegirl,I love all blinks
@MiaMe-o6b2m,Who is on 2026
@Bailey63664,2026 and am still here
@Lamaspro6767,2026년 사람?
@Heaven-j8c,5:42 Jisoo
@FlowerRose-e1m,I also get jump scare when trying to look if the toast is done
@Оксана-ь6ч7м,I love you BLACKPINK ️
@ilysuun9,Extraño estos momentos
@yumiziinhanx,Alguém em 2026 aqui?
@EliSho-t1o,Anyone from 2026?
@Pookie_Rosé,I love you BLACKPINK very much
@angellovespinks,Blinks 2026
@carolinarios9971,Alguien del 2026  feliz cumpleaños jisoo
@yousafsiddiqui1980,Who watch this in 2026
@SkHakkeem-v6j,Happy birthday jisoo
@marigonzalez.08,Iiliflim
@adeelurrehman2552,Eww that's for kidss
@sunnygirl_222,Happy birthday to jisoo
@SaudaIssak,I love you  blink
@SumarSingh-y2t,jisoo your Birthday and I wish you Happy Birthday
@justakpopfan-97,2026?
@Amandagllit,Anyone in 2026?
@user-sd6no2uo5d,2026 ?
@madhunaruka3045,"안녕하세요 여러분, 새해 복 많이 받으세요 2026"
@1234abcd-g5k,저는 블랙핑크를 좋아해요
@imikettani9850,♡ مرحبا Love Rose  you
@rori1298pika,I love you blakpink
@SeethaKumarihami-o3b,හන්ගුක්
@Cute_rubyy.4747,2:35 So rose called foddie
@Royal_Father,그래도 셰프랍시고 겨우 샌드위치 하나를 각잡고 가르칠 수 있을 때가 좋았지 요즘은 감히 셰프 따위가 어딜 한남동 근처에라도 가까이 갈 수가 있나~?
@VateyEang,5:00 omg jisoo voice is so
@BLINKINDO-c3s,Kangen mereka diera ini
@MIMOUNADLI-f8f,헐 한 마디로
@kp_vibesss,5:00 The voice its about to start 2026 and i still remember this!
@sathyanarayanan4662,I LOVE JISOO S PONYTAIL SHE IS LOOKING AS A BABY
@doggy귀여운,강아지 너무 귀엽다
@maryam-x6g2y,4:40 jisoo is looking very cute
@sammymac6166,"How I wish there is subtitle but then again, HAPPY TO SEE THEM SMILING living in normal lifeeven withcam"
@magdalenabaricilbtypeogmlp6074,BLCK PINK
@netheayap,..
@netheayap,I MISS BPHOUSE SM
@matondopatricia9469,"It's beautiful rosé, jisoo, lisa, jennie."
@KawtarKawtar-e9b,أنا أكبر معجبا بكم أحبكم يا بلاك بينك
@라빠야,크리스마스여서 와봤엉요
@KeishaCupido-y9f,혼자 있는 사람 많아
@MosKa-h1s,احبك
@MosKa-h1s,yisoo cute
@DfggFghh-y7b,ครับที่รักเป็นภาพที่ดูมีความสุขกันมาก ๆ  ดูน่ารักทุกคน
@najwanabila4486,Jisoo cute
@jenessa1756,Who is Bridget get back here? Who is Bridget?
@SASHAMILLER-y3l9o,Brown hair rosé
@KimBalais,iloveeeeuuuuu girlssss
@EcemÖmür-t8m,Türkümmmm
